Astoria-Long Island City->Auburndale	424
Astoria-Long Island City->Bedford Park	297
Astoria-Long Island City->Bensonhurst	115
Astoria-Long Island City->Cobble Hill	260
Astoria-Long Island City->Corona	40
Astoria-Long Island City->Gravesend-Sheepshead Bay	277
Astoria-Long Island City->Mapleton-Flatlands	330
Astoria-Long Island City->Maspeth	3139
Astoria-Long Island City->Nkew Gardens	2664
Astoria-Long Island City->Park Slope	1754
Astoria-Long Island City->Queens Village	192
Astoria-Long Island City->The Rockaways	69
Astoria-Long Island City->Throggs Neck	138
Astoria-Long Island City->Washington Heights	4140
Astoria-Long Island City->West Village	4359
Astoria-Long Island City->Woodhaven-Richmond Hill	1203
Astoria-Long Island City->Woodside	18764
Auburndale->Astoria-Long Island City	18
Auburndale->Chelsea	6
Auburndale->Douglastown-Little Neck	22
Auburndale->Glendale	3
Auburndale->Greenwich Village	2
Auburndale->Queens Village	3
Auburndale->Union Port	2
Battery Park->Chinatown	10286
Battery Park->City Island	2
Battery Park->Harlem	2140
Battery Park->Hunts Point	35
Battery Park->Little Italy	13168
Battery Park->Midtown	201227
Battery Park->Morris Park	71
Battery Park->Parkchester	150
Battery Park->South Bronx	101
Battery Park->Spuyten Duyvil	82
Battery Park->Sunny Side	1938
Battery Park->The Rockaways	46
Battery Park->Tremont	80
Battery Park->Upper West Side	40653
Battery Park->Utopia	235
Battery Park->Washington Heights	2007
Battery Park->Woodhaven-Richmond Hill	162
Battery Park->Woodlawn-Nordwood	16
Bay Ridge->Auburndale	5
Bay Ridge->Battery Park	27
Bay Ridge->Brownsville	17
Bay Ridge->Carroll Gardens	124
Bay Ridge->Central Park	9
Bay Ridge->Clinton	47
Bay Ridge->Cobble Hill	22
Bay Ridge->Downtown	63
Bay Ridge->Financial District	64
Bay Ridge->Fordham	1
Bay Ridge->Forest Hills	13
Bay Ridge->Harlem	10
Bay Ridge->Jackson Heights	19
Bay Ridge->Morris Heights	1
Bay Ridge->Queensboro Hill	3
Bay Ridge->Sunny Side	25
Bay Ridge->Tribeca	33
Bay Ridge->Williamsburg	155
Baychester->Midtown	4
Baychester->Morningside Heights	1
Baychester->Upper West Side	3
Baychester->Wakefield-Williamsbridge	8
Bedford Park->Bay Ridge	1
Bedford Park->Bedford Park	787
Bedford Park->Bushwick	1
Bedford Park->City Island	3
Bedford Park->East Village	10
Bedford Park->Garment District	17
Bedford Park->Gravesend-Sheepshead Bay	2
Bedford Park->Hamilton Heights	23
Bedford Park->Hunts Point	8
Bedford Park->Morris Heights	37
Bedford Park->Morris Park	36
Bedford Park->Park Slope	2
Bedford Park->Parkchester	32
Bedford Park->South Bronx	45
Bedford Park->Tremont	68
Bedford-Stuyvesant->Baychester	1
Bedford-Stuyvesant->Bedford Park	8
Bedford-Stuyvesant->Boerum Hill	931
Bedford-Stuyvesant->Brownsville	922
Bedford-Stuyvesant->Canarsie	437
Bedford-Stuyvesant->Carroll Gardens	796
Bedford-Stuyvesant->Chelsea	1044
Bedford-Stuyvesant->East Village	1663
Bedford-Stuyvesant->Flatbush	7
Bedford-Stuyvesant->High Bridge	19
Bedford-Stuyvesant->Jackson Heights	218
Bedford-Stuyvesant->Mapleton-Flatlands	742
Bedford-Stuyvesant->Midtown	1189
Bedford-Stuyvesant->Nkew Gardens	61
Bedford-Stuyvesant->Queensboro Hill	14
Bedford-Stuyvesant->Saintalbans	32
Bedford-Stuyvesant->Sunset Park	276
Bedford-Stuyvesant->The Rockaways	23
Bedford-Stuyvesant->Washington Heights	128
Bedford-Stuyvesant->West Village	544
Bedford-Stuyvesant->Williams Bridge	7
Bensonhurst->Bushwick	7
Bensonhurst->Dyker Heights	74
Bensonhurst->Garment District	35
Bensonhurst->Hamilton Heights	4
Bensonhurst->Harlem	3
Bensonhurst->Little Italy	5
Bensonhurst->Midtown	74
Bensonhurst->Murray Hill	20
Bensonhurst->North Sutton Area	9
Bensonhurst->Utopia	2
Bensonhurst->Wakefield-Williamsbridge	1
Bensonhurst->Woodside	5
Boerum Hill->Bedford Park	18
Boerum Hill->Boerum Hill	20630
Boerum Hill->Canarsie	305
Boerum Hill->Chelsea	5343
Boerum Hill->Flatbush	34
Boerum Hill->Fort Green	30222
Boerum Hill->Greenwood	4121
Boerum Hill->Hamilton Heights	260
Boerum Hill->High Bridge	51
Boerum Hill->Mapleton-Flatlands	1479
Boerum Hill->Morningside Heights	257
Boerum Hill->Nkew Gardens	86
Boerum Hill->Queens Village	4
Boerum Hill->Ridgewood	377
Boerum Hill->Riverdale	14
Boerum Hill->Throggs Neck	4
Boerum Hill->Upper East Side	4474
Boerum Hill->Wakefield-Williamsbridge	6
Boerum Hill->Washington Heights	343
Boerum Hill->West Village	3056
Boerum Hill->Yorkville	408
Borough Park->Astoria-Long Island City	72
Borough Park->Battery Park	275
Borough Park->Central Park	43
Borough Park->Flushing	7
Borough Park->Garment District	287
Borough Park->Glendale	5
Borough Park->Greenwood	274
Borough Park->Middle Village	2
Borough Park->Ridgewood	11
Borough Park->Riverdale	1
Borough Park->Sunny Side	58
Borough Park->The Rockaways	5
Borough Park->Tremont	3
Borough Park->Williamsburg	327
Borough Park->Yorkville	19
Brownsville->Bedford-Stuyvesant	264
Brownsville->Boerum Hill	10
Brownsville->Brownsville	1009
Brownsville->Canarsie	212
Brownsville->Carroll Gardens	6
Brownsville->Chinatown	5
Brownsville->Clinton	10
Brownsville->East Village	9
Brownsville->High Bridge	1
Brownsville->Jackson Heights	2
Brownsville->Jamaica	12
Brownsville->North Sutton Area	2
Brownsville->Queens Village	5
Brownsville->Queensboro Hill	1
Brownsville->Saintalbans	5
Brownsville->Springfield Gardens	7
Brownsville->Sunny Side	7
Brownsville->Sunset Park	4
Brownsville->Tribeca	4
Brownsville->Williams Bridge	1
Bushwick->Bay Ridge	87
Bushwick->Chelsea	519
Bushwick->Clearview	1
Bushwick->Corona	2
Bushwick->Downtown	285
Bushwick->East Village	1281
Bushwick->Hunts Point	3
Bushwick->Laurelton	4
Bushwick->Mapleton-Flatlands	138
Bushwick->Morris Park	1
Bushwick->Mott Haven	13
Bushwick->Murray Hill	182
Bushwick->Parkchester	3
Bushwick->Soho	332
Bushwick->South Bronx	20
Bushwick->Upper West Side	350
Bushwick->Washington Heights	101
Bushwick->Woodhaven-Richmond Hill	87
Canarsie->Boerum Hill	9
Canarsie->Brownsville	122
Canarsie->Downtown	11
Canarsie->East Village	8
Canarsie->Gramercy	23
Canarsie->Greenwood	6
Canarsie->Jackson Heights	2
Canarsie->Lower East Side	15
Canarsie->Maspeth	2
Canarsie->Ridgewood	1
Canarsie->Saintalbans	5
Canarsie->Sunset Park	15
Canarsie->Washington Heights	1
Canarsie->Yorkville	4
Carnegie Hill->Borough Park	223
Carnegie Hill->Flushing	253
Carnegie Hill->Fort Green	1441
Carnegie Hill->Glendale	54
Carnegie Hill->Hamilton Heights	3658
Carnegie Hill->Harlem	22932
Carnegie Hill->Lower East Side	7347
Carnegie Hill->Mapleton-Flatlands	209
Carnegie Hill->Maspeth	321
Carnegie Hill->Middle Village	98
Carnegie Hill->Nkew Gardens	184
Carnegie Hill->Park Slope	1196
Carnegie Hill->Riverdale	646
Carnegie Hill->Soho	9901
Carnegie Hill->Steinway	2
Carnegie Hill->Throggs Neck	52
Carnegie Hill->Wakefield-Williamsbridge	61
Carnegie Hill->Washington Heights	7224
Carnegie Hill->West Village	10181
Carroll Gardens->Astoria-Long Island City	1678
Carroll Gardens->Battery Park	3590
Carroll Gardens->Bensonhurst	364
Carroll Gardens->Central Park	502
Carroll Gardens->Chelsea	11082
Carroll Gardens->Cobble Hill	7003
Carroll Gardens->Country Club	3
Carroll Gardens->Gravesend-Sheepshead Bay	552
Carroll Gardens->Kings Bridge	17
Carroll Gardens->Mapleton-Flatlands	1145
Carroll Gardens->Morris Park	8
Carroll Gardens->Murray Hill	5030
Carroll Gardens->Soundview	3
Carroll Gardens->Union Port	3
Carroll Gardens->Upper West Side	3460
Carroll Gardens->Washington Heights	416
Carroll Gardens->Woodlawn-Nordwood	3
Central Park->Bay Ridge	257
Central Park->Boerum Hill	611
Central Park->Brownsville	47
Central Park->Clearview	20
Central Park->Downtown	1245
Central Park->Fort Green	1920
Central Park->Greenwood	159
Central Park->Hamilton Heights	6801
Central Park->High Bridge	1035
Central Park->Jamaica	263
Central Park->Laurelton	20
Central Park->Mapleton-Flatlands	232
Central Park->Park Slope	1796
Central Park->Ridgewood	346
Central Park->Saintalbans	55
Central Park->Spuyten Duyvil	416
Central Park->Sunset Park	107
Central Park->Tremont	268
Central Park->Washington Heights	11864
Chelsea->Auburndale	455
Chelsea->Bay Ridge	7909
Chelsea->Bensonhurst	2060
Chelsea->Chelsea	1538010
Chelsea->Cobble Hill	9593
Chelsea->Financial District	235416
Chelsea->Flushing	2192
Chelsea->Forest Hills	8902
Chelsea->Glendale	783
Chelsea->Harlem	64847
Chelsea->Laurelton	167
Chelsea->Little Italy	100670
Chelsea->Murray Hill	435978
Chelsea->Queens Village	265
Chelsea->Steinway	3
Chelsea->Sunny Side	33832
Chelsea->University Heights	1255
Chelsea->Utopia	2144
Chelsea->Woodlawn-Nordwood	473
Chinatown->Astoria-Long Island City	2478
Chinatown->Auburndale	58
Chinatown->Battery Park	10045
Chinatown->Bay Ridge	879
Chinatown->Bedford-Stuyvesant	5438
Chinatown->Central Park	2276
Chinatown->Clearview	20
Chinatown->Country Club	34
Chinatown->East Harlem	1311
Chinatown->Forest Hills	612
Chinatown->Garment District	33954
Chinatown->Greenwood	829
Chinatown->Hamilton Heights	1028
Chinatown->Inwood	216
Chinatown->Laurelton	14
Chinatown->Midtown	62831
Chinatown->Morris Heights	78
Chinatown->North Sutton Area	2037
Chinatown->Ridgewood	399
Chinatown->Soho	19869
Chinatown->Spuyten Duyvil	47
Chinatown->The Rockaways	24
Chinatown->Upper East Side	21660
Chinatown->Williamsburg	13744
Chinatown->Woodhaven-Richmond Hill	110
Chinatown->Yorkville	1811
City Island->Midtown	4
City Island->Morris Park	1
City Island->Parkchester	6
City Island->South Bronx	1
City Island->Washington Heights	1
Clearview->Corona	1
Clearview->Garment District	2
Clearview->Maspeth	2
Clearview->Union Port	1
Clearview->Upper East Side	4
Clearview->Washington Heights	1
Clinton->Battery Park	58766
Clinton->Bensonhurst	1292
Clinton->Bushwick	4928
Clinton->Central Park	59533
Clinton->Chelsea	654394
Clinton->Cobble Hill	2337
Clinton->Country Club	337
Clinton->Downtown	7582
Clinton->Gramercy	330263
Clinton->Inwood	6660
Clinton->Jackson Heights	9265
Clinton->Mapleton-Flatlands	2530
Clinton->Mott Haven	2689
Clinton->Queensboro Hill	492
Clinton->Riverdale	1944
Clinton->Soho	102145
Clinton->Springfield Gardens	412
Clinton->Spuyten Duyvil	1277
Clinton->Washington Heights	41188
Clinton->Williams Bridge	577
Clinton->Williamsburg	20637
Clinton->Woodhaven-Richmond Hill	973
Cobble Hill->Astoria-Long Island City	347
Cobble Hill->Bay Ridge	511
Cobble Hill->Bedford-Stuyvesant	1774
Cobble Hill->Bushwick	445
Cobble Hill->Clearview	1
Cobble Hill->Douglastown-Little Neck	3
Cobble Hill->East Harlem	51
Cobble Hill->East Village	2536
Cobble Hill->Greenwich Village	4244
Cobble Hill->Hunts Point	1
Cobble Hill->Inwood	6
Cobble Hill->Jamaica	38
Cobble Hill->Laurelton	1
Cobble Hill->Mott Haven	10
Cobble Hill->Parkchester	3
Cobble Hill->South Bronx	7
Cobble Hill->Spuyten Duyvil	1
Cobble Hill->Tremont	1
Cobble Hill->Upper West Side	2091
Cobble Hill->Woodside	130
College Point->Upper West Side	1
Corona->Auburndale	14
Corona->Battery Park	59
Corona->Bedford-Stuyvesant	45
Corona->Boerum Hill	25
Corona->Canarsie	10
Corona->Central Park	81
Corona->Corona	431
Corona->Country Club	7
Corona->Fort Green	95
Corona->Garment District	268
Corona->High Bridge	12
Corona->Jamaica	36
Corona->Lower East Side	61
Corona->Morningside Heights	48
Corona->Park Slope	54
Corona->Saintalbans	5
Corona->Sunset Park	10
Corona->Tremont	4
Corona->Williams Bridge	1
Corona->Williamsburg	52
Country Club->Auburndale	1
Country Club->Chelsea	6
Country Club->Midtown	16
Country Club->Upper West Side	3
Country Club->Utopia	2
Douglastown-Little Neck->Battery Park	9
Douglastown-Little Neck->Bushwick	6
Douglastown-Little Neck->Central Park	8
Douglastown-Little Neck->Corona	1
Douglastown-Little Neck->Garment District	35
Douglastown-Little Neck->Gramercy	31
Douglastown-Little Neck->Hamilton Heights	1
Douglastown-Little Neck->Midtown	110
Douglastown-Little Neck->Morris Park	1
Douglastown-Little Neck->North Sutton Area	2
Douglastown-Little Neck->Parkchester	1
Douglastown-Little Neck->Upper West Side	19
Downtown->Auburndale	29
Downtown->Bushwick	3331
Downtown->Chinatown	7533
Downtown->East Village	12102
Downtown->Gramercy	19641
Downtown->Hunts Point	36
Downtown->Maspeth	381
Downtown->Morris Heights	36
Downtown->Morris Park	23
Downtown->Murray Hill	8951
Downtown->Parkchester	58
Downtown->South Bronx	479
Downtown->Sunny Side	2949
Downtown->Upper East Side	13912
Dyker Heights->Battery Park	7
Dyker Heights->Bedford-Stuyvesant	10
Dyker Heights->Boerum Hill	11
Dyker Heights->Brownsville	2
Dyker Heights->Bushwick	2
Dyker Heights->Central Park	2
Dyker Heights->Gramercy	35
Dyker Heights->Middle Village	1
Dyker Heights->Midtown	52
Dyker Heights->Saintalbans	1
Dyker Heights->Sunset Park	41
Dyker Heights->Upper East Side	28
Dyker Heights->Williamsburg	15
East Brooklyn->Astoria-Long Island City	11
East Brooklyn->Boerum Hill	12
East Brooklyn->Brownsville	137
East Brooklyn->Clearview	1
East Brooklyn->East Village	18
East Brooklyn->Financial District	87
East Brooklyn->Flushing	2
East Brooklyn->Greenwood	7
East Brooklyn->High Bridge	1
East Brooklyn->Jamaica	35
East Brooklyn->Morris Heights	1
East Brooklyn->Nkew Gardens	14
East Brooklyn->Ridgewood	15
East Brooklyn->Saintalbans	5
East Brooklyn->Springfield Gardens	12
East Brooklyn->Sunset Park	8
East Brooklyn->Tremont	3
East Brooklyn->Union Port	2
East Brooklyn->West Village	14
East Brooklyn->Woodhaven-Richmond Hill	66
East Brooklyn->Yorkville	9
East Harlem->Astoria-Long Island City	4978
East Harlem->Bensonhurst	21
East Harlem->Cobble Hill	41
East Harlem->Forest Hills	344
East Harlem->Greenwich Village	4049
East Harlem->Little Italy	643
East Harlem->Mapleton-Flatlands	90
East Harlem->Midtown	34139
East Harlem->Morris Heights	593
East Harlem->Mott Haven	6086
East Harlem->Murray Hill	5823
East Harlem->Riverdale	157
East Harlem->Springfield Gardens	38
East Harlem->Washington Heights	6884
East Harlem->Williamsburg	808
East Harlem->Woodside	945
East Village->Baychester	98
East Village->Bedford Park	987
East Village->Clinton	126049
East Village->Corona	20
East Village->East Village	459387
East Village->Fordham	776
East Village->Glendale	905
East Village->Middle Village	1571
East Village->Nkew Gardens	2347
East Village->Soundview	720
East Village->Steinway	1
East Village->The Rockaways	221
East Village->Tribeca	112303
East Village->Union Port	473
East Village->University Heights	553
East Village->Upper West Side	161105
East Village->West Village	211958
East Village->Woodhaven-Richmond Hill	1052
Financial District->Canarsie	896
Financial District->City Island	22
Financial District->Douglastown-Little Neck	370
Financial District->East Harlem	4070
Financial District->East Village	145502
Financial District->Financial District	248378
Financial District->Flatbush	24
Financial District->Gravesend-Sheepshead Bay	3605
Financial District->Harlem	9687
Financial District->Inwood	1203
Financial District->Maspeth	999
Financial District->Middle Village	1351
Financial District->North Sutton Area	18812
Financial District->Riverdale	565
Financial District->Soho	162504
Financial District->Springfield Gardens	264
Flatbush->Chelsea	10
Flatbush->Downtown	2
Flatbush->East Village	5
Flatbush->Garment District	3
Flatbush->Gravesend-Sheepshead Bay	1
Flatbush->Harlem	2
Flatbush->Soho	5
Flatbush->Sunny Side	2
Flushing->Bay Ridge	14
Flushing->Brownsville	4
Flushing->Canarsie	7
Flushing->Carnegie Hill	58
Flushing->Corona	38
Flushing->Dyker Heights	2
Flushing->East Brooklyn	23
Flushing->Fort Green	94
Flushing->Gravesend-Sheepshead Bay	11
Flushing->Greenwich Village	213
Flushing->Jamaica	155
Flushing->Laurelton	6
Flushing->Little Italy	57
Flushing->Park Slope	75
Flushing->Saintalbans	18
Flushing->Spuyten Duyvil	3
Flushing->Sunset Park	12
Flushing->Tremont	7
Flushing->University Heights	4
Flushing->Upper West Side	422
Fordham->Astoria-Long Island City	9
Fordham->Borough Park	1
Fordham->Downtown	2
Fordham->Gramercy	21
Fordham->Greenwich Village	12
Fordham->Hamilton Heights	22
Fordham->Kings Bridge	36
Fordham->Lower East Side	8
Fordham->Mott Haven	23
Fordham->Throggs Neck	8
Fordham->West Village	8
Forest Hills->Borough Park	29
Forest Hills->Canarsie	32
Forest Hills->Chelsea	800
Forest Hills->Chinatown	73
Forest Hills->City Island	3
Forest Hills->Country Club	5
Forest Hills->East Harlem	131
Forest Hills->Gravesend-Sheepshead Bay	53
Forest Hills->Hunts Point	8
Forest Hills->Inwood	15
Forest Hills->Kings Bridge	6
Forest Hills->Mott Haven	36
Forest Hills->Parkchester	17
Forest Hills->Queens Village	94
Forest Hills->Soho	255
Forest Hills->South Bronx	63
Forest Hills->Throggs Neck	11
Forest Hills->Upper East Side	2174
Forest Hills->Washington Heights	283
Fort Green->Bensonhurst	311
Fort Green->East Brooklyn	914
Fort Green->Flushing	197
Fort Green->Glendale	102
Fort Green->Midtown	12556
Fort Green->Morningside Heights	515
Fort Green->Morris Heights	23
Fort Green->Morris Park	27
Fort Green->Mott Haven	236
Fort Green->Murray Hill	3972
Fort Green->Riverdale	32
Fort Green->Spuyten Duyvil	19
Fort Green->Yorkville	845
Garment District->Bedford-Stuyvesant	19972
Garment District->Bensonhurst	2013
Garment District->Canarsie	1569
Garment District->Carroll Gardens	9253
Garment District->Chelsea	645103
Garment District->Cobble Hill	4366
Garment District->Douglastown-Little Neck	877
Garment District->Flatbush	23
Garment District->Jackson Heights	14028
Garment District->Mott Haven	4954
Garment District->Murray Hill	490329
Garment District->Queensboro Hill	1438
Garment District->Soho	167973
Garment District->Soundview	2066
Garment District->Springfield Gardens	1163
Garment District->Wakefield-Williamsbridge	1384
Garment District->Williams Bridge	793
Glendale->Auburndale	2
Glendale->Boerum Hill	1
Glendale->Chelsea	15
Glendale->East Village	9
Glendale->Greenwood	1
Glendale->Harlem	3
Glendale->Morris Heights	1
Glendale->Ridgewood	111
Glendale->Saintalbans	2
Glendale->Sunny Side	16
Glendale->Sunset Park	1
Glendale->The Rockaways	6
Glendale->Washington Heights	1
Gramercy->Auburndale	627
Gramercy->Battery Park	109581
Gramercy->Canarsie	1214
Gramercy->Carnegie Hill	63596
Gramercy->Central Park	87149
Gramercy->Chelsea	1002978
Gramercy->City Island	66
Gramercy->Country Club	471
Gramercy->Dyker Heights	1816
Gramercy->East Brooklyn	1236
Gramercy->East Harlem	32312
Gramercy->Flatbush	50
Gramercy->Forest Hills	15868
Gramercy->Garment District	964256
Gramercy->Hamilton Heights	14759
Gramercy->Inwood	4546
Gramercy->Morningside Heights	26229
Gramercy->Soundview	1718
Gramercy->Spuyten Duyvil	1535
Gramercy->Sunny Side	53076
Gramercy->Upper West Side	402652
Gramercy->Wakefield-Williamsbridge	742
Gramercy->Washington Heights	30591
Gramercy->Williamsburg	82142
Gramercy->Woodhaven-Richmond Hill	1941
Gravesend-Sheepshead Bay->Auburndale	2
Gravesend-Sheepshead Bay->Bedford-Stuyvesant	20
Gravesend-Sheepshead Bay->Boerum Hill	6
Gravesend-Sheepshead Bay->Borough Park	155
Gravesend-Sheepshead Bay->Brownsville	29
Gravesend-Sheepshead Bay->Chelsea	68
Gravesend-Sheepshead Bay->Chinatown	13
Gravesend-Sheepshead Bay->Downtown	14
Gravesend-Sheepshead Bay->Gramercy	68
Gravesend-Sheepshead Bay->High Bridge	1
Gravesend-Sheepshead Bay->Morningside Heights	5
Gravesend-Sheepshead Bay->Park Slope	42
Gravesend-Sheepshead Bay->Saintalbans	1
Gravesend-Sheepshead Bay->Sunset Park	40
Greenwich Village->Bay Ridge	8547
Greenwich Village->Bedford Park	1164
Greenwich Village->Carroll Gardens	18221
Greenwich Village->Clearview	187
Greenwich Village->Corona	18
Greenwich Village->East Village	558167
Greenwich Village->Garment District	434807
Greenwich Village->Greenwich Village	636605
Greenwich Village->Greenwood	6194
Greenwich Village->Jackson Heights	10536
Greenwich Village->Laurelton	108
Greenwich Village->Maspeth	1923
Greenwich Village->Mott Haven	2418
Greenwich Village->Nkew Gardens	2511
Greenwich Village->Queens Village	157
Greenwich Village->Queensboro Hill	467
Greenwich Village->Ridgewood	4362
Greenwich Village->Soho	387194
Greenwich Village->Wakefield-Williamsbridge	499
Greenwich Village->West Village	386272
Greenwich Village->Williams Bridge	437
Greenwood->Astoria-Long Island City	145
Greenwood->Bedford-Stuyvesant	578
Greenwood->Bensonhurst	90
Greenwood->Central Park	35
Greenwood->Cobble Hill	152
Greenwood->Greenwich Village	331
Greenwood->Hamilton Heights	30
Greenwood->Jamaica	9
Greenwood->Kings Bridge	2
Greenwood->Morningside Heights	20
Greenwood->Murray Hill	220
Greenwood->Spuyten Duyvil	1
Greenwood->Union Port	1
Greenwood->Upper West Side	180
Greenwood->Woodside	25
Hamilton Heights->Auburndale	6
Hamilton Heights->Battery Park	684
Hamilton Heights->Carroll Gardens	163
Hamilton Heights->Central Park	2807
Hamilton Heights->Chelsea	11802
Hamilton Heights->Chinatown	217
Hamilton Heights->Country Club	80
Hamilton Heights->Financial District	1590
Hamilton Heights->High Bridge	1202
Hamilton Heights->Jackson Heights	639
Hamilton Heights->Middle Village	31
Hamilton Heights->Park Slope	200
Hamilton Heights->Queensboro Hill	26
Hamilton Heights->University Heights	349
Hamilton Heights->Williamsburg	453
Hamilton Heights->Woodlawn-Nordwood	38
Harlem->Astoria-Long Island City	4517
Harlem->Bedford-Stuyvesant	1254
Harlem->Central Park	17530
Harlem->Chinatown	535
Harlem->Country Club	191
Harlem->Downtown	556
Harlem->Fort Green	1404
Harlem->Gramercy	15843
Harlem->Gravesend-Sheepshead Bay	44
Harlem->Hunts Point	389
Harlem->Jamaica	346
Harlem->Kings Bridge	527
Harlem->Morris Heights	825
Harlem->Morris Park	434
Harlem->Murray Hill	7041
Harlem->Park Slope	648
Harlem->Tremont	890
Harlem->Upper West Side	113333
High Bridge->Borough Park	2
High Bridge->Cobble Hill	1
High Bridge->Downtown	176
High Bridge->Gramercy	195
High Bridge->Greenwich Village	64
High Bridge->Kings Bridge	61
High Bridge->Midtown	659
High Bridge->Morris Heights	182
High Bridge->Riverdale	29
High Bridge->Sunny Side	28
High Bridge->Throggs Neck	14
High Bridge->University Heights	127
High Bridge->Wakefield-Williamsbridge	51
Hunts Point->Baychester	5
Hunts Point->Chinatown	1
Hunts Point->East Harlem	23
Hunts Point->East Village	10
Hunts Point->Greenwich Village	6
Hunts Point->Parkchester	22
Hunts Point->South Bronx	88
Hunts Point->Upper East Side	87
Hunts Point->Washington Heights	14
Hunts Point->Woodhaven-Richmond Hill	2
Inwood->Astoria-Long Island City	79
Inwood->Bedford Park	116
Inwood->Chelsea	221
Inwood->Downtown	16
Inwood->East Village	64
Inwood->Greenwich Village	105
Inwood->Morris Heights	73
Inwood->Mott Haven	36
Inwood->Nkew Gardens	6
Inwood->Riverdale	138
Inwood->Spuyten Duyvil	101
Inwood->Upper East Side	343
Inwood->West Village	69
Jackson Heights->Astoria-Long Island City	12210
Jackson Heights->Bay Ridge	68
Jackson Heights->Canarsie	48
Jackson Heights->Carroll Gardens	150
Jackson Heights->Chelsea	1244
Jackson Heights->City Island	1
Jackson Heights->Clearview	72
Jackson Heights->East Harlem	719
Jackson Heights->Flatbush	1
Jackson Heights->Garment District	1884
Jackson Heights->Hamilton Heights	493
Jackson Heights->Hunts Point	70
Jackson Heights->Jackson Heights	30112
Jackson Heights->Laurelton	23
Jackson Heights->Little Italy	204
Jackson Heights->Morningside Heights	637
Jackson Heights->Mott Haven	503
Jackson Heights->Parkchester	115
Jackson Heights->Queens Village	55
Jackson Heights->Queensboro Hill	478
Jackson Heights->South Bronx	237
Jackson Heights->Williams Bridge	40
Jackson Heights->Woodlawn-Nordwood	10
Jamaica->Baychester	1
Jamaica->Bedford Park	5
Jamaica->Canarsie	12
Jamaica->Carnegie Hill	172
Jamaica->Clinton	1383
Jamaica->East Brooklyn	25
Jamaica->East Village	778
Jamaica->Fordham	5
Jamaica->Hunts Point	1
Jamaica->Morris Heights	3
Jamaica->Morris Park	7
Jamaica->Murray Hill	1658
Jamaica->Parkchester	4
Jamaica->South Bronx	14
Jamaica->Tribeca	536
Jamaica->Upper East Side	2336
Jamaica->Wakefield-Williamsbridge	4
Kings Bridge->Harlem	65
Kings Bridge->High Bridge	40
Kings Bridge->Jackson Heights	3
Kings Bridge->Kings Bridge	453
Kings Bridge->Midtown	54
Kings Bridge->North Sutton Area	3
Kings Bridge->Soundview	13
Kings Bridge->Throggs Neck	5
Kings Bridge->Washington Heights	210
Laurelton->Borough Park	2
Laurelton->Financial District	8
Laurelton->Flushing	2
Laurelton->Garment District	13
Laurelton->Inwood	1
Laurelton->Midtown	44
Laurelton->Morningside Heights	3
Laurelton->Nkew Gardens	5
Laurelton->Queens Village	27
Laurelton->West Village	1
Laurelton->Woodhaven-Richmond Hill	2
Little Italy->Astoria-Long Island City	6987
Little Italy->Bedford Park	158
Little Italy->Boerum Hill	3998
Little Italy->Clinton	33472
Little Italy->Corona	4
Little Italy->East Village	115844
Little Italy->Financial District	57945
Little Italy->Flushing	299
Little Italy->Fordham	105
Little Italy->Fort Green	21541
Little Italy->Glendale	130
Little Italy->Greenwood	1200
Little Italy->High Bridge	190
Little Italy->Middle Village	262
Little Italy->Park Slope	10950
Little Italy->Ridgewood	945
Little Italy->Riverdale	134
Little Italy->Saintalbans	15
Little Italy->Soho	55315
Little Italy->Steinway	1
Little Italy->Sunset Park	1083
Little Italy->The Rockaways	45
Little Italy->Tribeca	49403
Little Italy->University Heights	68
Little Italy->Upper West Side	41173
Little Italy->Woodlawn-Nordwood	58
Little Italy->Yorkville	4280
Lower East Side->Bay Ridge	5624
Lower East Side->Baychester	123
Lower East Side->Bedford Park	574
Lower East Side->Boerum Hill	13908
Lower East Side->Douglastown-Little Neck	270
Lower East Side->Downtown	22376
Lower East Side->Gramercy	353456
Lower East Side->High Bridge	999
Lower East Side->Inwood	1775
Lower East Side->Laurelton	61
Lower East Side->Mapleton-Flatlands	3989
Lower East Side->Nkew Gardens	1810
Lower East Side->Spuyten Duyvil	320
Lower East Side->Tremont	478
Lower East Side->Union Port	324
Lower East Side->Washington Heights	11355
Lower East Side->West Village	139052
Lower East Side->Woodlawn-Nordwood	210
Mapleton-Flatlands->Bedford-Stuyvesant	267
Mapleton-Flatlands->Borough Park	726
Mapleton-Flatlands->Brownsville	198
Mapleton-Flatlands->Canarsie	276
Mapleton-Flatlands->Clinton	118
Mapleton-Flatlands->Cobble Hill	33
Mapleton-Flatlands->Country Club	1
Mapleton-Flatlands->Dyker Heights	32
Mapleton-Flatlands->Fordham	3
Mapleton-Flatlands->Glendale	5
Mapleton-Flatlands->Greenwood	81
Mapleton-Flatlands->Inwood	1
Mapleton-Flatlands->Jamaica	1
Mapleton-Flatlands->Morningside Heights	10
Mapleton-Flatlands->Morris Heights	1
Mapleton-Flatlands->Mott Haven	12
Mapleton-Flatlands->North Sutton Area	25
Mapleton-Flatlands->Ridgewood	5
Mapleton-Flatlands->Riverdale	1
Mapleton-Flatlands->Tribeca	75
Mapleton-Flatlands->Upper East Side	204
Mapleton-Flatlands->Yorkville	13
Maspeth->Chinatown	36
Maspeth->Douglastown-Little Neck	12
Maspeth->Downtown	30
Maspeth->East Harlem	14
Maspeth->Fort Green	103
Maspeth->Harlem	21
Maspeth->Little Italy	68
Maspeth->Maspeth	3434
Maspeth->North Sutton Area	55
Maspeth->Park Slope	19
Maspeth->Queens Village	15
Maspeth->Utopia	69
Middle Village->Bedford-Stuyvesant	13
Middle Village->Canarsie	2
Middle Village->Central Park	7
Middle Village->Chelsea	23
Middle Village->Country Club	1
Middle Village->Fort Green	12
Middle Village->Glendale	108
Middle Village->Laurelton	1
Middle Village->Upper East Side	68
Midtown->Auburndale	1849
Midtown->Dyker Heights	2729
Midtown->Flushing	11402
Midtown->Fort Green	66645
Midtown->Glendale	2424
Midtown->Greenwich Village	793393
Midtown->Inwood	18001
Midtown->Little Italy	119643
Midtown->Mapleton-Flatlands	9422
Midtown->Middle Village	7811
Midtown->Midtown	5604684
Midtown->Morningside Heights	122756
Midtown->Park Slope	55884
Midtown->Riverdale	8037
Midtown->Steinway	17
Midtown->Upper West Side	2219121
Midtown->Washington Heights	117739
Morningside Heights->Bay Ridge	147
Morningside Heights->Baychester	43
Morningside Heights->Bushwick	229
Morningside Heights->Carroll Gardens	384
Morningside Heights->City Island	14
Morningside Heights->Clearview	7
Morningside Heights->East Harlem	35336
Morningside Heights->Gravesend-Sheepshead Bay	71
Morningside Heights->Hunts Point	169
Morningside Heights->Inwood	4202
Morningside Heights->Laurelton	23
Morningside Heights->Maspeth	70
Morningside Heights->Morris Heights	441
Morningside Heights->Nkew Gardens	257
Morningside Heights->Parkchester	331
Morningside Heights->South Bronx	1596
Morningside Heights->Spuyten Duyvil	1659
Morningside Heights->Throggs Neck	80
Morningside Heights->West Village	8374
Morningside Heights->Woodside	268
Morris Heights->Battery Park	4
Morris Heights->Baychester	5
Morris Heights->Central Park	33
Morris Heights->Country Club	8
Morris Heights->Harlem	128
Morris Heights->Kings Bridge	27
Morris Heights->Maspeth	1
Morris Heights->Murray Hill	11
Morris Heights->North Sutton Area	6
Morris Heights->Upper East Side	51
Morris Heights->Utopia	3
Morris Heights->Woodhaven-Richmond Hill	1
Morris Park->Battery Park	3
Morris Park->Carnegie Hill	5
Morris Park->City Island	5
Morris Park->East Harlem	13
Morris Park->Financial District	7
Morris Park->Garment District	9
Morris Park->Gramercy	17
Morris Park->Hamilton Heights	14
Morris Park->Inwood	5
Morris Park->Park Slope	1
Morris Park->Soundview	38
Morris Park->University Heights	12
Morris Park->Upper East Side	45
Morris Park->Williamsburg	3
Morris Park->Woodside	2
Mott Haven->Auburndale	2
Mott Haven->Bedford-Stuyvesant	64
Mott Haven->Bensonhurst	1
Mott Haven->Bushwick	19
Mott Haven->Gravesend-Sheepshead Bay	3
Mott Haven->Little Italy	77
Mott Haven->Lower East Side	304
Mott Haven->Maspeth	12
Mott Haven->Middle Village	7
Mott Haven->Morris Park	107
Mott Haven->Murray Hill	225
Mott Haven->North Sutton Area	114
Mott Haven->Sunny Side	107
Mott Haven->Woodside	87
Murray Hill->Battery Park	42127
Murray Hill->Bensonhurst	1237
Murray Hill->Central Park	53945
Murray Hill->Cobble Hill	3212
Murray Hill->Country Club	287
Murray Hill->Downtown	9772
Murray Hill->Fort Green	16120
Murray Hill->Gravesend-Sheepshead Bay	2698
Murray Hill->Jamaica	1424
Murray Hill->Laurelton	114
Murray Hill->Murray Hill	251808
Murray Hill->North Sutton Area	67803
Murray Hill->Park Slope	13630
Murray Hill->Soho	112301
Murray Hill->Springfield Gardens	317
Murray Hill->Tremont	526
Murray Hill->Upper West Side	212407
Murray Hill->Williamsburg	21546
Murray Hill->Woodlawn-Nordwood	607
Nkew Gardens->Battery Park	77
Nkew Gardens->Brownsville	8
Nkew Gardens->Canarsie	13
Nkew Gardens->Corona	5
Nkew Gardens->Douglastown-Little Neck	277
Nkew Gardens->Flatbush	1
Nkew Gardens->Forest Hills	1970
Nkew Gardens->Fort Green	41
Nkew Gardens->Garment District	312
Nkew Gardens->Greenwich Village	113
Nkew Gardens->Hamilton Heights	20
Nkew Gardens->Lower East Side	98
Nkew Gardens->Mapleton-Flatlands	16
Nkew Gardens->Maspeth	79
Nkew Gardens->Park Slope	26
Nkew Gardens->Queens Village	36
Nkew Gardens->Saintalbans	32
Nkew Gardens->Soundview	2
Nkew Gardens->University Heights	2
Nkew Gardens->Williams Bridge	1
Nkew Gardens->Williamsburg	61
North Sutton Area->Chinatown	3172
North Sutton Area->City Island	11
North Sutton Area->East Brooklyn	136
North Sutton Area->East Harlem	5779
North Sutton Area->Fort Green	3242
North Sutton Area->Garment District	88765
North Sutton Area->Hamilton Heights	1874
North Sutton Area->Harlem	6389
North Sutton Area->Hunts Point	74
North Sutton Area->Little Italy	7193
North Sutton Area->Midtown	389644
North Sutton Area->Morningside Heights	3835
North Sutton Area->Park Slope	3391
North Sutton Area->Parkchester	416
North Sutton Area->South Bronx	1075
North Sutton Area->Upper East Side	408014
North Sutton Area->Utopia	532
North Sutton Area->Wakefield-Williamsbridge	108
North Sutton Area->Woodhaven-Richmond Hill	325
Park Slope->Astoria-Long Island City	1524
Park Slope->Battery Park	782
Park Slope->Bensonhurst	402
Park Slope->Carnegie Hill	149
Park Slope->Central Park	295
Park Slope->Chelsea	3551
Park Slope->Clearview	10
Park Slope->Cobble Hill	2893
Park Slope->Country Club	7
Park Slope->Dyker Heights	350
Park Slope->East Brooklyn	249
Park Slope->Financial District	2295
Park Slope->Flatbush	58
Park Slope->Greenwich Village	3363
Park Slope->Greenwood	7466
Park Slope->Hamilton Heights	210
Park Slope->Morris Heights	13
Park Slope->Morris Park	7
Park Slope->Mott Haven	21
Park Slope->Murray Hill	1338
Park Slope->Ridgewood	319
Park Slope->Upper East Side	3557
Park Slope->Williamsburg	10118
Park Slope->Woodhaven-Richmond Hill	73
Park Slope->Woodside	351
Park Slope->Yorkville	315
Parkchester->Battery Park	5
Parkchester->Forest Hills	2
Parkchester->Gramercy	51
Parkchester->Greenwich Village	13
Parkchester->Harlem	72
Parkchester->High Bridge	30
Parkchester->Midtown	95
Parkchester->Morris Heights	36
Parkchester->Sunny Side	6
Parkchester->Williamsburg	4
Parkchester->Woodside	10
Queens Village->Central Park	1
Queens Village->Financial District	6
Queens Village->Glendale	1
Queens Village->Gravesend-Sheepshead Bay	2
Queens Village->Greenwich Village	9
Queens Village->Harlem	5
Queens Village->Kings Bridge	1
Queens Village->Queens Village	483
Queens Village->Upper East Side	16
Queens Village->Utopia	20
Queensboro Hill->Bedford-Stuyvesant	3
Queensboro Hill->Carnegie Hill	1
Queensboro Hill->Chelsea	9
Queensboro Hill->Forest Hills	23
Queensboro Hill->Garment District	15
Queensboro Hill->Glendale	4
Queensboro Hill->Inwood	2
Queensboro Hill->Soundview	1
Queensboro Hill->Upper East Side	25
Queensboro Hill->Williamsburg	11
Ridgewood->Bedford Park	1
Ridgewood->Brownsville	16
Ridgewood->Canarsie	10
Ridgewood->Carnegie Hill	4
Ridgewood->Cobble Hill	6
Ridgewood->Corona	1
Ridgewood->Douglastown-Little Neck	1
Ridgewood->Dyker Heights	1
Ridgewood->East Village	94
Ridgewood->Fort Green	122
Ridgewood->Jamaica	30
Ridgewood->Park Slope	22
Ridgewood->Tremont	1
Riverdale->Bedford-Stuyvesant	1
Riverdale->Fordham	17
Riverdale->Kings Bridge	145
Riverdale->Spuyten Duyvil	70
Riverdale->Sunny Side	1
Riverdale->Throggs Neck	3
Riverdale->Tremont	5
Riverdale->Upper East Side	46
Riverdale->Wakefield-Williamsbridge	7
Saintalbans->Brownsville	3
Saintalbans->Downtown	1
Saintalbans->East Brooklyn	4
Saintalbans->East Village	2
Saintalbans->Harlem	6
Saintalbans->High Bridge	1
Saintalbans->Morningside Heights	1
Saintalbans->Queens Village	28
Saintalbans->Saintalbans	385
Saintalbans->Sunny Side	2
Saintalbans->Utopia	9
Saintalbans->Washington Heights	4
Saintalbans->Yorkville	2
Soho->Bay Ridge	3758
Soho->Borough Park	2550
Soho->Canarsie	509
Soho->Carroll Gardens	13315
Soho->Clearview	107
Soho->Country Club	86
Soho->East Harlem	4495
Soho->Glendale	254
Soho->Harlem	14319
Soho->Jackson Heights	4396
Soho->Kings Bridge	357
Soho->Laurelton	68
Soho->Mapleton-Flatlands	2205
Soho->Maspeth	613
Soho->Queensboro Hill	203
Soho->Throggs Neck	158
Soho->University Heights	185
Soho->Utopia	626
Soho->Williams Bridge	153
Soundview->Astoria-Long Island City	11
Soundview->Financial District	9
Soundview->Flushing	1
Soundview->Glendale	1
Soundview->Midtown	61
Soundview->Union Port	100
Soundview->Upper East Side	66
South Bronx->Bedford Park	141
South Bronx->Carroll Gardens	3
South Bronx->Douglastown-Little Neck	1
South Bronx->East Harlem	222
South Bronx->East Village	38
South Bronx->Fort Green	9
South Bronx->Garment District	77
South Bronx->Greenwich Village	37
South Bronx->Greenwood	1
South Bronx->Hunts Point	108
South Bronx->Jackson Heights	12
South Bronx->Jamaica	7
South Bronx->Mapleton-Flatlands	1
South Bronx->Morningside Heights	75
South Bronx->Nkew Gardens	2
South Bronx->Park Slope	10
South Bronx->Parkchester	98
South Bronx->Queensboro Hill	1
South Bronx->Ridgewood	5
South Bronx->Riverdale	13
South Bronx->South Bronx	2892
South Bronx->Tremont	295
South Bronx->Washington Heights	199
South Bronx->West Village	18
South Bronx->Williams Bridge	59
South Bronx->Woodside	2
South Bronx->Yorkville	171
Springfield Gardens->Bedford Park	2
Springfield Gardens->Bedford-Stuyvesant	36
Springfield Gardens->Boerum Hill	5
Springfield Gardens->Brownsville	11
Springfield Gardens->Douglastown-Little Neck	20
Springfield Gardens->East Village	80
Springfield Gardens->Greenwich Village	78
Springfield Gardens->High Bridge	2
Springfield Gardens->Jamaica	118
Springfield Gardens->Queens Village	27
Springfield Gardens->Saintalbans	30
Springfield Gardens->Sunset Park	6
Springfield Gardens->Upper West Side	200
Springfield Gardens->Utopia	18
Spuyten Duyvil->East Harlem	2
Spuyten Duyvil->Fort Green	1
Spuyten Duyvil->Park Slope	1
Spuyten Duyvil->Washington Heights	50
Spuyten Duyvil->Woodside	2
Spuyten Duyvil->Yorkville	4
Steinway->Harlem	1
Steinway->Sunny Side	1
Steinway->Upper East Side	9
Steinway->Yorkville	1
Sunny Side->Bay Ridge	330
Sunny Side->Baychester	14
Sunny Side->Bensonhurst	95
Sunny Side->Borough Park	319
Sunny Side->Canarsie	81
Sunny Side->Carroll Gardens	951
Sunny Side->Clearview	86
Sunny Side->Clinton	6948
Sunny Side->Cobble Hill	407
Sunny Side->Douglastown-Little Neck	182
Sunny Side->Flatbush	3
Sunny Side->Fordham	98
Sunny Side->Garment District	12827
Sunny Side->Hamilton Heights	797
Sunny Side->Harlem	2447
Sunny Side->Jackson Heights	10550
Sunny Side->Jamaica	787
Sunny Side->Laurelton	48
Sunny Side->Middle Village	1263
Sunny Side->Nkew Gardens	1413
Sunny Side->Queensboro Hill	442
Sunny Side->Springfield Gardens	137
Sunny Side->The Rockaways	55
Sunny Side->Throggs Neck	29
Sunny Side->Tribeca	2367
Sunny Side->Utopia	759
Sunny Side->Wakefield-Williamsbridge	37
Sunny Side->West Village	3505
Sunny Side->Williams Bridge	44
Sunset Park->Astoria-Long Island City	51
Sunset Park->Bushwick	73
Sunset Park->Chinatown	31
Sunset Park->Harlem	21
Sunset Park->Maspeth	5
Sunset Park->Middle Village	4
Sunset Park->Nkew Gardens	3
Sunset Park->Throggs Neck	2
Sunset Park->Upper West Side	54
Sunset Park->Utopia	5
Sunset Park->West Village	73
Sunset Park->Woodside	27
The Rockaways->Fort Green	1
The Rockaways->Gravesend-Sheepshead Bay	4
The Rockaways->Little Italy	1
The Rockaways->Mapleton-Flatlands	3
The Rockaways->Park Slope	1
The Rockaways->Queensboro Hill	2
The Rockaways->The Rockaways	376
The Rockaways->Woodhaven-Richmond Hill	1
Throggs Neck->Astoria-Long Island City	5
Throggs Neck->Baychester	1
Throggs Neck->Chinatown	1
Throggs Neck->Garment District	7
Throggs Neck->Hamilton Heights	2
Throggs Neck->Nkew Gardens	4
Throggs Neck->Throggs Neck	530
Throggs Neck->Tremont	6
Throggs Neck->West Village	1
Tremont->Chinatown	2
Tremont->Cobble Hill	1
Tremont->Greenwich Village	3
Tremont->Kings Bridge	20
Tremont->Maspeth	1
Tremont->Mott Haven	50
Tremont->Throggs Neck	14
Tremont->Upper East Side	55
Tremont->Wakefield-Williamsbridge	43
Tremont->Woodhaven-Richmond Hill	1
Tribeca->Bedford Park	253
Tribeca->Carnegie Hill	8940
Tribeca->Clinton	72057
Tribeca->Corona	8
Tribeca->Dyker Heights	967
Tribeca->East Brooklyn	312
Tribeca->East Village	111844
Tribeca->Flushing	649
Tribeca->Fordham	162
Tribeca->Glendale	166
Tribeca->Hamilton Heights	3877
Tribeca->Hunts Point	122
Tribeca->Lower East Side	112953
Tribeca->Middle Village	581
Tribeca->Morris Park	269
Tribeca->Murray Hill	75075
Tribeca->Soundview	331
Tribeca->South Bronx	499
Tribeca->Sunny Side	6671
Tribeca->Tribeca	143818
Union Port->Astoria-Long Island City	13
Union Port->Borough Park	2
Union Port->Bushwick	1
Union Port->Central Park	8
Union Port->City Island	1
Union Port->Clinton	27
Union Port->Country Club	23
Union Port->East Harlem	22
Union Port->Financial District	17
Union Port->Fordham	14
Union Port->Hunts Point	28
Union Port->Kings Bridge	5
Union Port->Parkchester	96
Union Port->Soho	12
Union Port->South Bronx	54
Union Port->Sunny Side	8
Union Port->Tribeca	20
Union Port->Woodlawn-Nordwood	2
Union Port->Woodside	1
University Heights->Astoria-Long Island City	10
University Heights->City Island	1
University Heights->Downtown	3
University Heights->East Harlem	41
University Heights->Gramercy	16
University Heights->Hunts Point	1
University Heights->North Sutton Area	4
University Heights->Parkchester	16
University Heights->Riverdale	15
University Heights->South Bronx	50
University Heights->Throggs Neck	5
University Heights->Upper East Side	38
University Heights->West Village	8
University Heights->Woodlawn-Nordwood	8
Upper East Side->Astoria-Long Island City	129487
Upper East Side->Bedford-Stuyvesant	10086
Upper East Side->Carnegie Hill	771637
Upper East Side->City Island	136
Upper East Side->Douglastown-Little Neck	924
Upper East Side->Dyker Heights	1146
Upper East Side->East Harlem	245072
Upper East Side->Flushing	5260
Upper East Side->Hamilton Heights	38659
Upper East Side->Hunts Point	2026
Upper East Side->Inwood	9592
Upper East Side->Jackson Heights	30308
Upper East Side->Little Italy	50772
Upper East Side->Lower East Side	188031
Upper East Side->Maspeth	5728
Upper East Side->Morningside Heights	122982
Upper East Side->Mott Haven	21037
Upper East Side->Parkchester	4613
Upper East Side->Queens Village	375
Upper East Side->Queensboro Hill	1297
Upper East Side->South Bronx	12431
Upper East Side->Williams Bridge	1511
Upper West Side->Auburndale	261
Upper West Side->Bay Ridge	2919
Upper West Side->Bensonhurst	528
Upper West Side->Borough Park	2411
Upper West Side->Canarsie	528
Upper West Side->Clearview	161
Upper West Side->Cobble Hill	3054
Upper West Side->Financial District	77191
Upper West Side->Glendale	330
Upper West Side->Hamilton Heights	130895
Upper West Side->Inwood	20742
Upper West Side->Kings Bridge	5044
Upper West Side->Laurelton	111
Upper West Side->Midtown	2232349
Upper West Side->Queens Village	177
Upper West Side->Steinway	10
Upper West Side->Sunny Side	23873
Upper West Side->Throggs Neck	628
Upper West Side->University Heights	2497
Upper West Side->Upper East Side	1926847
Upper West Side->Wakefield-Williamsbridge	1096
Utopia->Astoria-Long Island City	112
Utopia->Borough Park	4
Utopia->Carroll Gardens	7
Utopia->Chinatown	22
Utopia->Fort Green	22
Utopia->Jackson Heights	117
Utopia->Maspeth	30
Utopia->Morris Park	3
Utopia->Murray Hill	338
Utopia->Park Slope	40
Utopia->Queensboro Hill	30
Utopia->Throggs Neck	5
Utopia->Williams Bridge	2
Utopia->Woodside	46
Wakefield-Williamsbridge->Canarsie	3
Wakefield-Williamsbridge->Central Park	2
Wakefield-Williamsbridge->Country Club	27
Wakefield-Williamsbridge->East Harlem	4
Wakefield-Williamsbridge->Kings Bridge	4
Wakefield-Williamsbridge->University Heights	10
Wakefield-Williamsbridge->Upper East Side	14
Washington Heights->Bedford Park	462
Washington Heights->Carnegie Hill	1183
Washington Heights->Carroll Gardens	99
Washington Heights->East Brooklyn	14
Washington Heights->East Harlem	3437
Washington Heights->East Village	1558
Washington Heights->Gravesend-Sheepshead Bay	40
Washington Heights->Jackson Heights	573
Washington Heights->Mott Haven	975
Washington Heights->Queensboro Hill	43
Washington Heights->Soundview	232
Washington Heights->Tremont	531
Washington Heights->University Heights	472
Washington Heights->Williams Bridge	107
Washington Heights->Woodside	211
West Village->Auburndale	154
West Village->Battery Park	90344
West Village->Central Park	24520
West Village->City Island	7
West Village->Country Club	98
West Village->East Harlem	5563
West Village->Hamilton Heights	10061
West Village->Inwood	2281
West Village->Kings Bridge	578
West Village->Lower East Side	134496
West Village->Midtown	541795
West Village->Riverdale	883
West Village->The Rockaways	102
West Village->Washington Heights	15376
West Village->Woodhaven-Richmond Hill	422
Williams Bridge->Baychester	20
Williams Bridge->Bedford Park	52
Williams Bridge->Clinton	4
Williams Bridge->East Harlem	3
Williams Bridge->East Village	5
Williams Bridge->Garment District	9
Williams Bridge->Lower East Side	7
Williams Bridge->Parkchester	19
Williams Bridge->Soundview	14
Williams Bridge->South Bronx	25
Williams Bridge->Tribeca	2
Williams Bridge->West Village	1
Williamsburg->Bensonhurst	381
Williamsburg->Canarsie	294
Williamsburg->Chelsea	20568
Williamsburg->Cobble Hill	5106
Williamsburg->Corona	3
Williamsburg->Flatbush	29
Williamsburg->Forest Hills	1459
Williamsburg->Fort Green	67021
Williamsburg->Little Italy	12631
Williamsburg->Midtown	25697
Williamsburg->Morris Heights	54
Williamsburg->Soundview	76
Williamsburg->Springfield Gardens	32
Williamsburg->The Rockaways	36
Williamsburg->University Heights	50
Williamsburg->Upper West Side	10561
Williamsburg->Wakefield-Williamsbridge	25
Williamsburg->Williamsburg	150372
Williamsburg->Woodhaven-Richmond Hill	422
Woodhaven-Richmond Hill->Bedford-Stuyvesant	38
Woodhaven-Richmond Hill->Chinatown	3
Woodhaven-Richmond Hill->Clinton	43
Woodhaven-Richmond Hill->Corona	2
Woodhaven-Richmond Hill->East Harlem	4
Woodhaven-Richmond Hill->Little Italy	8
Woodhaven-Richmond Hill->Morris Park	5
Woodhaven-Richmond Hill->North Sutton Area	43
Woodhaven-Richmond Hill->Parkchester	2
Woodhaven-Richmond Hill->South Bronx	1
Woodhaven-Richmond Hill->Tribeca	19
Woodhaven-Richmond Hill->Woodside	38
Woodlawn-Nordwood->Baychester	1
Woodlawn-Nordwood->Chelsea	4
Woodlawn-Nordwood->Jackson Heights	1
Woodlawn-Nordwood->Union Port	1
Woodlawn-Nordwood->Washington Heights	6
Woodlawn-Nordwood->Williams Bridge	5
Woodlawn-Nordwood->Woodlawn-Nordwood	340
Woodlawn-Nordwood->Yorkville	7
Woodside->Bedford-Stuyvesant	267
Woodside->Borough Park	62
Woodside->East Harlem	491
Woodside->Fort Green	613
Woodside->Kings Bridge	22
Woodside->Laurelton	14
Woodside->Maspeth	2428
Woodside->Park Slope	268
Woodside->Queens Village	30
Woodside->Springfield Gardens	23
Woodside->Throggs Neck	18
Woodside->Upper West Side	2218
Yorkville->Auburndale	33
Yorkville->Boerum Hill	398
Yorkville->Brownsville	79
Yorkville->Bushwick	404
Yorkville->Carnegie Hill	43225
Yorkville->Clinton	21919
Yorkville->Douglastown-Little Neck	87
Yorkville->Dyker Heights	37
Yorkville->East Brooklyn	134
Yorkville->East Village	13951
Yorkville->Financial District	9022
Yorkville->Fordham	507
Yorkville->Garment District	36966
Yorkville->Harlem	51762
Yorkville->High Bridge	2275
Yorkville->Lower East Side	11176
Yorkville->Queens Village	24
Yorkville->Riverdale	437
Yorkville->Saintalbans	113
Yorkville->Springfield Gardens	59
Yorkville->Sunny Side	3539
Yorkville->Sunset Park	155
Yorkville->Tribeca	4083
Yorkville->University Heights	759
Yorkville->Utopia	255
Yorkville->Williams Bridge	199
Yorkville->Woodside	1399
Yorkville->Yorkville	78145
